Id,Predicted_Saleprice
1461,122092.72069278882
1462,165613.21429606449
1463,192638.5843599314
1464,201154.0525721387
1465,195506.20286569084
1466,172847.53221137248
1467,177559.72057357294
1468,162439.40753578942
1469,190159.1056238863
1470,121924.945689937
1471,187446.73539819272
1472,98358.2552960497
1473,99112.0639571744
1474,149132.32632919893
1475,115173.35942148596
1476,351400.8937331662
1477,254500.11129367506
1478,300302.1206641686
1479,291581.68781835877
1480,508606.2372086147
1481,326121.1121246964
1482,209647.92828370255
1483,176552.13079763594
1484,159650.24886436
1485,185798.3105324011
1486,188035.02671390868
1487,329978.80026687175
1488,223427.8366408525
1489,196524.0904350751
1490,262664.52067277
1491,189715.0354421783
1492,94886.29707317599
1493,189969.90321625548
1494,286130.1657370888
1495,285715.9197732164
1496,249807.8966919816
1497,172137.8615774463
1498,177420.771727119
1499,158863.72894756097
1500,156294.86617652964
1501,183377.2376686216
1502,136684.92390978243
1503,313612.20979242626
1504,241848.43084877296
1505,230028.8527011216
1506,191923.95725571134
1507,261007.44627645452
1508,213256.69008224414
1509,153067.16553684906
1510,148138.91301533394
1511,167657.93893845667
1512,170580.53806109919
1513,146339.08131074422
1514,156629.2891141977
1515,188457.64345604257
1516,152512.08694961376
1517,174306.11736010434
1518,134009.7842067294
1519,215833.0300947443
1520,129792.0686391858
1521,138241.31625442067
1522,172578.00582346125
1523,115884.57719564028
1524,126167.77314355352
1525,120585.00344707453
1526,112129.89289796825
1527,106552.07488457453
1528,130356.49127941535
1529,157716.87959714394
1530,199295.9673510478
1531,102642.84225337997
1532,89359.6437545577
1533,155135.2425670199
1534,112663.84975788042
1535,149123.47526867082
1536,97197.21543926539
1537,64805.350074486625
1538,145547.27085998547
1539,172830.1369657197
1540,84806.50646448763
1541,146864.82525681314
1542,184004.9429390535
1543,203721.93052060925
1544,86559.77348586629
1545,119788.23338321102
1546,131531.31794949964
1547,143004.94067939837
1548,141633.0684154831
1549,115421.39764774565
1550,137779.3469112214
1551,99815.79587100612
1552,139154.4482456414
1553,146200.35596601543
1554,116398.68082907372
1555,163681.8293789135
1556,73404.31088916898
1557,111346.46751675683
1558,105840.33785057683
1559,57122.722758241405
1560,129976.6442860316
1561,133062.3022615659
1562,130050.37383608164
1563,123584.06629869947
1564,148649.97372844268
1565,149478.00254995804
1566,227573.14808644706
1567,81583.24727524898
1568,239227.61544466764
1569,146091.78126274038
1570,137155.76533028655
1571,120704.46253383873
1572,144013.82298405684
1573,202630.88018102996
1574,130743.58175724906
1575,223203.42289068564
1576,232065.60357098677
1577,185648.20578043594
1578,144340.40298227733
1579,139105.92193279442
1580,193504.90506967896
1581,161212.0404552324
1582,128227.90436597122
1583,301896.69165222504
1584,218592.2898301281
1585,134440.82547011846
1586,78433.65935456626
1587,107692.54043385314
1588,159220.3577927842
1589,95782.39804769683
1590,130435.10999499573
1591,96384.63284364917
1592,129747.03801976577
1593,123214.84582305206
1594,141772.36570350186
1595,107876.89499516509
1596,229179.53614087997
1597,202016.92954275382
1598,228317.8179376237
1599,174557.95429857046
1600,168228.32226931275
1601,72227.38537628048
1602,116503.5972562724
1603,67175.52032374234
1604,263746.3572239199
1605,236449.58078833952
1606,163475.8886024037
1607,170590.86904943784
1608,224218.15140129765
1609,180481.3962351584
1610,159579.81780974052
1611,144713.59495793303
1612,178698.6708915029
1613,173075.83661867835
1614,123214.12717090144
1615,83137.42993362545
1616,73723.09266715872
1617,89373.14703876257
1618,134763.99482878897
1619,141348.92213582416
1620,161669.46867529058
1621,131139.68825582886
1622,138789.0477181272
1623,236227.9091873902
1624,208409.71807890534
1625,111040.19112342517
1626,164505.80472027496
1627,194933.53426524386
1628,267549.46500286064
1629,174556.60502479368
1630,376943.8120567554
1631,237519.05435544104
1632,251870.7699464882
1633,165241.01805091035
1634,181795.36497535903
1635,171829.06313146287
1636,150214.49901931282
1637,202173.46327956687
1638,166158.44597326295
1639,183897.66670506823
1640,236220.01499304824
1641,180429.45710418967
1642,244644.24847968394
1643,204132.56997966912
1644,230001.77729761164
1645,211162.66077562654
1646,152691.48292569345
1647,153750.14871616955
1648,129704.34439011758
1649,134914.97962581334
1650,112400.36738082318
1651,117214.92642394427
1652,98312.96793583999
1653,99671.14961123173
1654,145562.45565082444
1655,132844.32618087126
1656,142062.00978712604
1657,153182.36912005013
1658,145233.80034642507
1659,123940.27974912518
1660,158032.14871720012
1661,478469.3695688121
1662,395265.74409568595
1663,371390.6052556089
1664,618669.1706423367
1665,305707.05971883115
1666,302542.0318348417
1667,402574.3743914714
1668,330999.12890786486
1669,288122.9493140641
1670,318970.45756131725
1671,265163.5694625123
1672,441193.74669377663
1673,289666.08269156935
1674,237341.78051643647
1675,200833.9578272455
1676,197353.1616657724
1677,226870.36978061774
1678,467220.3424342027
1679,395498.9899170902
1680,319899.80883183895
1681,238780.17897674456
1682,322670.36430385726
1683,189992.32841723852
1684,169697.18370693305
1685,163626.87132507344
1686,162270.52047775043
1687,159952.15285461093
1688,180760.72037381094
1689,186350.74321901324
1690,189180.80460120106
1691,177985.6235975933
1692,253852.48893829278
1693,163072.79000679927
1694,182182.2679026173
1695,163785.87673727368
1696,261675.14941317463
1697,169352.30697488168
1698,344667.74053410045
1699,306890.3555859705
1700,253135.08007420023
1701,261231.55725648048
1702,236127.59365950793
1703,229572.1504614566
1704,265660.7156537305
1705,224894.74615591072
1706,376946.49283058895
1707,209018.6027228076
1708,205617.82114327664
1709,260931.9074743046
1710,222244.40101035716
1711,281156.38387023885
1712,250998.70275848746
1713,285565.81721664284
1714,225294.00696968913
1715,204539.59700651173
1716,177372.5945047935
1717,167495.28060966023
1718,133066.65904832768
1719,202321.51746836503
1720,214820.49046083374
1721,146904.51668698966
1722,116709.05924820928
1723,147886.59891417096
1724,193694.12895858212
1725,230947.61804283079
1726,175894.83938120413
1727,149847.7623992836
1728,148195.03714845388
1729,162761.8022853335
1730,157470.40783799323
1731,115200.05365402286
1732,129000.85137434205
1733,109631.75318124828
1734,118758.0300221531
1735,105437.23456361007
1736,103687.1492331554
1737,301509.5044299829
1738,252984.38354391506
1739,237651.6629348167
1740,222731.95663219094
1741,201660.99708816566
1742,169241.4180780835
1743,171893.31947613906
1744,357521.78162013984
1745,208635.3877752437
1746,160833.60747564337
1747,217922.33748659297
1748,216715.1568156639
1749,139521.19099420373
1750,124780.55347505036
1751,232631.4445357078
1752,115432.18608372285
1753,152524.57040362572
1754,192226.69176648697
1755,170730.1196526013
1756,129555.12328389905
1757,118899.30600113385
1758,147843.00342260482
1759,160562.09973488122
1760,157930.92076044556
1761,146062.09394132652
1762,174971.04390792747
1763,180739.5722495997
1764,113501.29122059006
1765,131981.7421186647
1766,192239.98791025055
1767,222699.37486462144
1768,140807.011475281
1769,156089.90939314986
1770,151973.27405154664
1771,123819.0290998738
1772,131476.8028936254
1773,123152.1454271721
1774,147882.0056947926
1775,136289.74789371336
1776,116774.65782188796
1777,107636.76907462112
1778,142575.4585159745
1779,130079.27834928202
1780,153748.73263610248
1781,120765.98986239999
1782,91255.28553846535
1783,142148.903864125
1784,111766.94703111018
1785,119106.6534968772
1786,140477.5415645844
1787,154363.40320500138
1788,69947.20525713675
1789,96483.50488506157
1790,85997.79956755675
1791,184373.89144502365
1792,155654.03192712532
1793,130046.95479957788
1794,154068.02304967324
1795,133187.1009661478
1796,124083.01233004664
1797,103876.37666713753
1798,122031.76780209773
1799,107985.94116940386
1800,125600.97082906988
1801,129889.06695607705
1802,128993.77143578179
1803,146773.42232611045
1804,122789.3090937035
1805,130542.5370383655
1806,121479.73691237377
1807,122043.54168851089
1808,119585.64953137322
1809,124738.96170456246
1810,138497.1865027859
1811,97502.16639408463
1812,98935.2021698321
1813,134743.7790584178
1814,98333.61928092747
1815,63408.486529669746
1816,102304.772452062
1817,112267.70729764544
1818,151843.30315834162
1819,129181.68110663333
1820,46551.43005767158
1821,112563.7261286077
1822,150020.26004285784
1823,43836.84322898277
1824,118822.40358498774
1825,153933.25151752273
1826,110663.17467680143
1827,105599.05940141167
1828,130425.3497010529
1829,117882.26247800178
1830,146053.30073096117
1831,145539.16257313194
1832,75532.21695405786
1833,133418.54874768973
1834,119134.0144608255
1835,131601.16364319721
1836,122433.53667399578
1837,83020.3874046832
1838,116094.57952859218
1839,109503.22829185177
1840,150038.51478337494
1841,137956.42400910964
1842,102585.7385107339
1843,130962.48939095587
1844,126775.65332053274
1845,143604.8163252657
1846,155854.30283885504
1847,157825.86846942475
1848,59872.435929709616
1849,102627.01342463655
1850,114412.07659175368
1851,148022.54404066663
1852,118910.72595943068
1853,125658.7162568111
1854,158800.77125081734
1855,145143.3743700008
1856,224244.95917256596
1857,135969.58456347117
1858,141852.8711519649
1859,117019.59440914808
1860,141736.50743402075
1861,118787.82349407057
1862,323468.10642280884
1863,302773.1020398879
1864,302890.8385729114
1865,339669.2985762407
1866,327989.0762939632
1867,213078.46245471857
1868,285733.6369228508
1869,198102.28567934432
1870,216371.06539918826
1871,253042.5431529455
1872,167229.6252064512
1873,242007.1959412112
1874,145834.41799348607
1875,197039.43632565378
1876,203087.4241548212
1877,204704.92247712245
1878,196431.11928158803
1879,134670.01686763324
1880,127742.87071907848
1881,248722.20061653727
1882,234043.9192000842
1883,181849.41356654177
1884,203709.94901408697
1885,219161.04768903548
1886,282050.9845215828
1887,207062.92903713085
1888,251975.88214023184
1889,171292.74934430898
1890,110211.48006611221
1891,116019.46533498543
1892,100276.11319818946
1893,135226.89602484874
1894,122238.11739176586
1895,134596.266058152
1896,124357.66127445907
1897,107890.9845845664
1898,119620.27784461791
1899,152432.3023327904
1900,138489.72076268814
1901,170491.25763677928
1902,166534.00634058416
1903,235786.88811041327
1904,146134.67366823676
1905,197887.06789516198
1906,117874.7810901774
1907,191687.75182259356
1908,111962.04186156801
1909,126237.88610542586
1910,122698.28700033015
1911,228020.12616448564
1912,351532.3823489964
1913,151962.83942251618
1914,48250.4995301312
1915,317395.4109401482
1916,80470.1354164829
1917,231204.05499380664
1918,138478.94287116334
1919,163653.15933685924
1920,159174.44250120426
1921,392920.9063101715
1922,312556.6886208244
1923,235451.84942362798
1924,246556.33016653528
1925,192030.42743151446
1926,384786.8837326236
1927,126803.53033524391
1928,156658.9251534166
1929,123223.69422959756
1930,124972.0446808931
1931,132799.07916235845
1932,133846.78880991277
1933,182158.8012857287
1934,184128.02182151182
1935,169893.78949569672
1936,198802.99512690672
1937,189162.89787805284
1938,174472.3818155455
1939,263742.68432335375
1940,195343.3046120017
1941,168538.40872522717
1942,166504.73088595225
1943,222857.26823753005
1944,412308.2204614989
1945,421109.6158814501
1946,148813.8363578449
1947,315520.46269758174
1948,175100.67236879424
1949,236571.28020402996
1950,183641.65805797902
1951,233793.77222342548
1952,192804.57890835573
1953,182056.13139124744
1954,178994.62410715173
1955,126429.51099534208
1956,315634.7284090707
1957,148961.18080303175
1958,259047.89584285274
1959,140671.71893454719
1960,111457.12097426917
1961,123621.42231852864
1962,95111.08832808232
1963,103441.57006227317
1964,110659.57105049248
1965,143180.86099529653
1966,145471.07945831565
1967,296511.1044318537
1968,442623.8229370835
1969,381877.34689451643
1970,416828.9957048271
1971,500844.0761767924
1972,381535.841938975
1973,264399.9144893089
1974,347947.7281121874
1975,623444.7578350819
1976,272857.39011664205
1977,359192.8393166802
1978,360861.8549540934
1979,320386.0771688841
1980,224958.69417726158
1981,347303.36178362765
1982,221185.2621760391
1983,201848.69071311192
1984,164239.78688046418
1985,228758.27713036843
1986,210393.3885412665
1987,180194.28326889567
1988,173513.90602261422
1989,187762.61046516063
1990,202793.49292054205
1991,239439.8564118732
1992,215766.63928732462
1993,160244.63141692567
1994,231762.72392571354
1995,185646.02529533504
1996,270273.99359470647
1997,305443.13873973995
1998,304992.4982953206
1999,293572.3880406419
2000,315859.75199270336
2001,281985.7910389712
2002,237947.0075422093
2003,249234.31955074673
2004,271755.64116611076
2005,218209.56599419334
2006,222059.28473937375
2007,248389.51504965167
2008,231058.8729474165
2009,199584.94425093025
2010,188635.3210340333
2011,131896.8244207577
2012,171349.50095169514
2013,170563.9000453258
2014,179554.65593040857
2015,204952.57777726985
2016,190436.352015544
2017,191642.65539232135
2018,113970.37763587963
2019,135569.7010835329
2020,88040.60593262268
2021,96101.183993779
2022,197228.73500832243
2023,146340.61793528296
2024,275688.08094482595
2025,365763.2285093086
2026,184474.79036807467
2027,164162.80370177267
2028,151850.78705176894
2029,172497.07779912188
2030,266769.82819558156
2031,231800.10833207576
2032,244459.33895547327
2033,250134.61650340178
2034,166401.90548819775
2035,242701.13447615318
2036,195069.38289889638
2037,222224.3578763159
2038,297867.78044082265
2039,229403.54250302748
2040,286896.6420973805
2041,302836.4247145148
2042,213699.77308527537
2043,183088.23832373094
2044,161943.7220913659
2045,199090.83894352047
2046,164866.95424737738
2047,141403.77076692955
2048,140987.0897884768
2049,146754.41715247562
2050,163223.35375416485
2051,102808.26207772354
2052,122292.97594994969
2053,151859.72455464152
2054,111278.1614856495
2055,163573.1043170137
2056,141176.78597750928
2057,105318.76239870972
2058,216594.1087693793
2059,131711.11523303532
2060,179654.96290447164
2061,171054.3219718908
2062,128836.55213076914
2063,122973.66616768733
2064,139386.3132822745
2065,106726.23738506208
2066,157868.05159716526
2067,93741.68434528948
2068,151712.6757031647
2069,88239.57393009044
2070,114856.67591966208
2071,98503.56247662626
2072,129642.64956751798
2073,128728.92416213815
2074,142456.69229720926
2075,151978.48209907586
2076,115685.60751689269
2077,167157.62021331486
2078,126539.54261362342
2079,122058.47701607479
2080,121980.9121556752
2081,124282.3426511686
2082,119792.19244243621
2083,146716.46129781246
2084,111773.40480435608
2085,123601.88062987443
2086,120683.90651301398
2087,121603.67129262007
2088,94956.03709968616
2089,84441.39746615708
2090,120647.41153361193
2091,115067.34708827117
2092,126553.2733892489
2093,115980.59438120756
2094,103708.84053201738
2095,162301.31873815722
2096,82830.36618045045
2097,98622.11769750204
2098,156265.72209640016
2099,58835.8722378919
2100,62412.6916302858
2101,142802.45467943072
2102,107063.55068650683
2103,103676.83186570538
2104,114780.76299638292
2105,132667.70774683435
2106,97994.44282397816
2107,184938.8031283258
2108,120735.62948300382
2109,117980.77695856198
2110,128009.63718263112
2111,116371.81706903223
2112,143365.96958179201
2113,119307.06290270972
2114,144461.49416589458
2115,160576.24674858613
2116,112434.83730134736
2117,148989.14560611043
2118,125522.00744425278
2119,121537.71646395697
2120,112667.56421851541
2121,97591.29877121856
2122,126033.11650831197
2123,82751.89566919087
2124,152079.92807510842
2125,122139.26018810205
2126,156149.35490309005
2127,170107.51648875646
2128,117738.78866631216
2129,94269.21448615982
2130,146904.68857768955
2131,151316.90603769716
2132,108939.97548834542
2133,120976.98809308752
2134,123871.1579140376
2135,107739.04561356064
2136,78001.14086638432
2137,107592.21702373383
2138,133707.50821834506
2139,145883.35265677288
2140,144404.4806070955
2141,148571.46030320768
2142,131094.84453751787
2143,150218.5792016298
2144,127370.4433709485
2145,140988.56699931572
2146,167477.9317478558
2147,139413.36279550608
2148,121643.66931244588
2149,132259.06373168752
2150,226133.3583486579
2151,111465.94369848595
2152,181817.28374317088
2153,171424.35773467732
2154,98484.59645089513
2155,139402.76802673558
2156,253743.15270263515
2157,229671.8573800785
2158,237664.57318219982
2159,198987.5154001482
2160,178518.53904748076
2161,231387.1965986104
2162,412808.2893139278
2163,355746.15977051895
2164,235776.05834997253
2165,213347.25000853356
2166,159926.70728780178
2167,224723.83213926706
2168,210073.2372933907
2169,190873.39405569353
2170,217637.13174980987
2171,152929.2713619791
2172,130315.15427458078
2173,177438.90719778222
2174,229665.1278098829
2175,278621.18223462376
2176,317065.7331677623
2177,242772.63194857715
2178,205363.099063174
2179,132315.46481651356
2180,218169.0468606911
2181,196666.0426024244
2182,229094.54064519922
2183,188827.0314269302
2184,121986.19223109825
2185,123502.03951755348
2186,148919.00891466034
2187,150308.7075636551
2188,146643.82717629435
2189,242741.86250251532
2190,93345.93912738458
2191,78502.4080017828
2192,76683.32453754681
2193,105010.3954230612
2194,101718.88125190002
2195,120427.59785704147
2196,99357.97968877965
2197,116102.36201306898
2198,153786.27534852905
2199,214719.21228983635
2200,152123.86162729294
2201,140668.01139005527
2202,221663.09896599533
2203,141213.00571514326
2204,184787.6928816813
2205,127085.35289391335
2206,150847.9534177277
2207,214262.4804243857
2208,281031.9401484327
2209,267791.8165314001
2210,123298.41077065507
2211,115562.61239007968
2212,123057.4943771701
2213,105336.45194917242
2214,131059.02435894622
2215,103912.83289876439
2216,152696.88310538026
2217,96255.5964021152
2218,58567.09620599374
2219,51867.08685207875
2220,55930.01665048547
2221,323185.8514319383
2222,294119.0830537139
2223,283595.5797697349
2224,204112.7715733068
2225,125864.07871452061
2226,196197.82473518315
2227,191683.69222299766
2228,274175.58963912836
2229,246755.22318022582
2230,158172.79564047957
2231,211248.1714384379
2232,187455.11584858736
2233,182029.88383795595
2234,243276.31661749372
2235,222937.16829845007
2236,249238.92701266674
2237,315232.21056822024
2238,199852.59005608008
2239,97466.23351042815
2240,153068.50781356823
2241,151928.55110664607
2242,121188.39555198357
2243,119353.37549133158
2244,102030.55035725725
2245,106395.47127879296
2246,131736.5497257155
2247,102348.12965510678
2248,117719.2504625046
2249,119674.08200731552
2250,129821.99287952237
2251,123801.88106215883
2252,188960.74157578024
2253,157169.6674533748
2254,182548.0645313133
2255,186446.91586446026
2256,166253.30528694423
2257,212030.94293806123
2258,155243.6750230233
2259,181332.3160258235
2260,160111.57757716184
2261,199841.76569853153
2262,224595.02071893433
2263,423875.9183007647
2264,573279.4409318606
2265,149637.60982015115
2266,330791.7844527713
2267,392609.2011529461
2268,503897.32777721167
2269,148196.0224823079
2270,191855.25659357198
2271,214030.11578044255
2272,190180.8670884905
2273,157496.700144435
2274,186965.7413535371
2275,167735.63772120155
2276,192508.45277483054
2277,191289.27513254905
2278,146150.05854891305
2279,128244.85351096488
2280,105623.28119912988
2281,167386.56681260213
2282,189080.7549984563
2283,108620.00953149088
2284,113808.90739748851
2285,145286.19103617987
2286,125770.76192331826
2287,365425.3706068478
2288,285781.0828679451
2289,372697.89840008976
2290,468453.95424472267
2291,337173.6571373938
2292,434061.2291003789
2293,482061.7675346508
2294,418866.00570442586
2295,505977.8571930285
2296,287304.3957005398
2297,359906.1876187237
2298,352185.66830905364
2299,352424.6905804401
2300,329476.77075597923
2301,321664.1035834664
2302,250570.02528059983
2303,231176.05569040647
2304,243621.4293896571
2305,197987.71425285452
2306,194925.39728321796
2307,208830.95702378708
2308,236249.22026776557
2309,285184.60342043766
2310,211035.08318293764
2311,211990.40365019583
2312,178909.66163908242
2313,169947.234484619
2314,176950.69370115126
2315,176810.9338414432
2316,195874.58531394321
2317,194105.9748136517
2318,176262.76649509338
2319,183112.88168050008
2320,191017.67713554992
2321,237667.51791100978
2322,175837.64198193882
2323,193813.54881861282
2324,175652.1583361403
2325,202426.45862215172
2326,172018.98987428023
2327,198366.7362660512
2328,216925.578909082
2329,196730.99896348422
2330,187545.04714014023
2331,337085.90404337976
2332,390516.97409922
2333,309515.5268572843
2334,257003.69089998348
2335,279493.7393518318
2336,306228.2999681161
2337,193933.03985336688
2338,256310.92600127053
2339,196628.76113884148
2340,367811.7924451651
2341,213410.47586623742
2342,219748.91703369792
2343,215958.1913205299
2344,206936.42401355956
2345,221571.23016895942
2346,215775.85277946835
2347,206144.14625605152
2348,242037.7910327206
2349,196844.22592310072
2350,317184.9088944411
2351,267214.67583367164
2352,245831.52749128055
2353,256151.19528156868
2354,143402.4355405036
2355,138528.5192966109
2356,144845.68722227638
2357,183753.0542928569
2358,194913.73988967395
2359,132143.08690667045
2360,111290.37273225735
2361,149137.96988935012
2362,275622.95915209665
2363,133003.17152709828
2364,144246.30681294517
2365,213674.55784769793
2366,194077.51529911373
2367,222274.7397904964
2368,227249.20811604953
2369,222967.3698687154
2370,172313.44173054857
2371,159233.779980092
2372,198904.01068531998
2373,297263.3851414308
2374,325723.4936034181
2375,244154.811580068
2376,275618.650366731
2377,350284.9423558575
2378,156414.58792459517
2379,209568.82310882598
2380,147190.71785317123
2381,174028.84625928404
2382,203020.33345487196
2383,203085.1469437139
2384,245875.61492433646
2385,161591.374493011
2386,131875.1777223985
2387,133940.69567879752
2388,103698.09218100176
2389,109045.36766577992
2390,155795.32245849262
2391,135524.7903800685
2392,115185.904397988
2393,175137.26609539211
2394,144713.89138072173
2395,207590.56641309988
2396,141678.79711307937
2397,223068.10425092367
2398,128041.92203255034
2399,74040.24960817205
2400,69890.19604508077
2401,154810.99740952128
2402,133076.96866723875
2403,154166.72022778654
2404,144081.79259407395
2405,155126.27173100555
2406,143111.55931032865
2407,126268.37489705753
2408,131459.52147257063
2409,120432.83290430871
2410,166666.76933929356
2411,112262.43704870564
2412,157918.4963830114
2413,130378.46270187804
2414,165103.58309483333
2415,140708.9169586694
2416,122508.58664649246
2417,134880.152249438
2418,136296.26885536042
2419,133208.78813272485
2420,121001.78440597837
2421,162922.21876149188
2422,111765.77068769957
2423,114993.59348887754
2424,148095.7350803177
2425,188891.67413420786
2426,135380.47440427393
2427,126402.13459362056
2428,174692.07834786092
2429,109937.74148619216
2430,130795.358537877
2431,109418.27984724341
2432,162341.0563249017
2433,153487.16735857917
2434,143432.11647230305
2435,165228.0504472115
2436,114916.15863603678
2437,105799.46518518873
2438,122260.6354438403
2439,99944.84080775692
2440,122854.52133138533
2441,89141.32431433548
2442,97418.78260031107
2443,126362.66552629293
2444,129786.27892915167
2445,91606.18077023684
2446,138412.8429272594
2447,174902.60569199495
2448,127546.74515126248
2449,111250.61329949324
2450,150463.13786282952
2451,92649.1665585582
2452,193628.06209119826
2453,93616.47663872737
2454,125397.16539933342
2455,120720.93853182651
2456,125822.49953808621
2457,146142.67959959176
2458,133047.16920887382
2459,122266.02063612615
2460,139693.03927880517
2461,131113.4907320493
2462,133190.10023396128
2463,122607.5369754601
2464,183251.42196763415
2465,138820.0899289459
2466,122187.13520546051
2467,122394.00604586552
2468,90186.13774140753
2469,93486.25460338416
2470,199565.56072667683
2471,219541.56293489816
2472,150679.14587488945
2473,127510.96002595285
2474,81558.14515671888
2475,219160.54404870566
2476,117416.63441196331
2477,123111.5911148039
2478,157546.77547076464
2479,110105.36647349579
2480,158182.14979498414
2481,121978.01295365769
2482,113434.19385234959
2483,105626.75010848235
2484,118211.50667941674
2485,126587.17914561089
2486,158576.731100478
2487,169251.15233084143
2488,158036.4125771488
2489,145025.4282662915
2490,141722.12093099824
2491,86127.34430637851
2492,188517.08665790787
2493,151425.12591735108
2494,140993.78905935088
2495,87515.71238162271
2496,201342.50242994673
2497,154810.94450979755
2498,115093.74897311591
2499,88161.8985726392
2500,137803.1129790868
2501,140238.8464715103
2502,146480.18920459395
2503,96797.86099453803
2504,205017.42563850235
2505,233117.91529708254
2506,246674.63149184574
2507,276853.10460846056
2508,245900.41404678926
2509,214935.7641594562
2510,211204.49763836944
2511,176098.05104124866
2512,206303.8543901086
2513,209473.9250549238
2514,263710.95050088706
2515,160167.68853835677
2516,174751.58800195897
2517,152432.99002812066
2518,158540.1353538582
2519,243908.4657495311
2520,224502.6296332822
2521,182345.57780780073
2522,229379.20571099754
2523,118306.68593037226
2524,136809.4672032801
2525,148549.38878862423
2526,140575.15863979456
2527,118910.59188602523
2528,136392.4324322557
2529,114969.84543622842
2530,124455.6853846282
2531,259769.2461620818
2532,226835.9923711644
2533,194096.09448544434
2534,232439.6916472664
2535,286346.11467410397
2536,242586.86177205574
2537,239268.1709111237
2538,180065.88333221737
2539,178292.62831613258
2540,182671.6856324179
2541,177390.097193563
2542,164165.19112992773
2543,120424.02564629694
2544,120689.19908157612
2545,131762.80893786487
2546,120367.45931122094
2547,136034.82889785038
2548,160930.79660188546
2549,164184.02671136765
2550,1029581.4108974725
2551,141511.48044738083
2552,133443.759760096
2553,80688.77328686122
2554,87270.93907309805
2555,131282.39173377617
2556,101366.30560432878
2557,103498.0750219536
2558,132740.51850867888
2559,142724.2903303523
2560,152719.89640083053
2561,146581.16619965242
2562,148950.48698060043
2563,158672.20106931948
2564,230232.72275543405
2565,146950.9769131837
2566,182379.37610385794
2567,130752.19687233919
2568,198118.46151110902
2569,254791.16688966498
2570,118196.02052271372
2571,210071.4077313682
2572,163087.34366905107
2573,229285.98337447853
2574,300062.2306334654
2575,136048.46037202064
2576,119603.9987651989
2577,140635.7431099304
2578,82513.96871947087
2579,61751.804405020106
2580,75192.72487327906
2581,93179.94707128462
2582,114110.39725828025
2583,285650.20410527603
2584,180748.0973367712
2585,186603.83278241684
2586,220479.19442939793
2587,202545.85792607963
2588,139422.14365703598
2589,145626.74511107447
2590,196940.04747751323
2591,210681.41603889407
2592,208726.545257807
2593,240945.61107383075
2594,180513.28974355393
2595,189748.09494354864
2596,281656.56054435944
2597,194357.2835031393
2598,294144.84131417464
2599,383909.49061440356
2600,157219.0173268934
2601,129050.51074399328
2602,78051.86967923403
2603,93954.5248311989
2604,82498.09670559323
2605,74912.46935551672
2606,141236.67719067182
2607,221061.40718094882
2608,182792.88958367583
2609,160878.40208477495
2610,104142.98230795299
2611,143075.5354528925
2612,156698.79837609796
2613,129216.76529992132
2614,122390.2164240344
2615,157192.94780192184
2616,144108.39417817874
2617,196452.88189037138
2618,190800.26156448846
2619,202898.28798944788
2620,194614.9731260558
2621,174128.41986048067
2622,184957.4881584542
2623,230027.10273947887
2624,295859.890563373
2625,300069.9449780377
2626,176158.95877567696
2627,169481.13063361813
2628,591679.142282117
2629,567039.8154987702
2630,405819.05816224474
2631,544754.6443864764
2632,443530.6475238546
2633,334370.58682649484
2634,459622.8402178036
2635,146585.71988525175
2636,170836.85781054696
2637,190458.45004472588
2638,271678.5415636457
2639,176059.84635130025
2640,148803.9383499614
2641,106678.58360077029
2642,192416.41297058456
2643,108441.77485262726
2644,116746.96275913964
2645,110553.02080513978
2646,96791.63676450012
2647,102894.3918210998
2648,147933.96960191213
2649,151258.54380768916
2650,138239.42635758666
2651,142141.33816897587
2652,419308.7214050719
2653,252558.0919868412
2654,273192.69239361584
2655,410597.99213095516
2656,318678.98994227394
2657,344415.3469221529
2658,316517.9805047317
2659,304611.47860893706
2660,363793.17435360927
2661,350699.8408121848
2662,375095.6625845359
2663,287762.91084589
2664,274396.9562789902
2665,327620.29981319205
2666,281711.48488691874
2667,169992.1630404203
2668,177473.9517573213
2669,182678.44588090954
2670,264232.1631879033
2671,177163.41682247215
2672,190924.45435963862
2673,198534.48436267843
2674,194115.39311664738
2675,176224.46063276584
2676,183730.27670030997
2677,201767.4699670447
2678,231432.20858129652
2679,260157.15340031224
2680,287822.56156664866
2681,399232.46269105445
2682,308017.3084571048
2683,570987.4712802405
2684,303130.3132947359
2685,315777.25492329133
2686,241954.11207254176
2687,308414.6507858908
2688,209016.86962831515
2689,204323.10264592586
2690,459130.30719816644
2691,193699.0732828647
2692,133909.59280573027
2693,194402.40902187803
2694,130309.43718212702
2695,187137.6595496229
2696,177462.33574383278
2697,184537.90203265636
2698,149922.43735178097
2699,176521.1100921561
2700,154869.78638274258
2701,134059.6604083309
2702,103132.63288819893
2703,119751.11695417385
2704,142092.612971443
2705,124890.37011503054
2706,103185.1065297182
2707,109801.45404446483
2708,133857.17652980465
2709,98722.91875516546
2710,127202.86370614186
2711,304618.5759434926
2712,390869.93680447084
2713,177966.9421771395
2714,148447.1086622581
2715,170014.26300636373
2716,138810.09802223646
2717,202423.15059835563
2718,223578.10492743537
2719,185059.82120804157
2720,173186.70884234764
2721,136941.3145016163
2722,149644.93602760998
2723,134890.69850477134
2724,130660.78366143281
2725,129605.04383602082
2726,156650.06253170082
2727,177793.40052895577
2728,172116.84605426865
2729,144879.28446448653
2730,151940.30432354953
2731,127523.51233150878
2732,133256.40327290702
2733,158028.50609198885
2734,113733.1445251619
2735,141940.2505313858
2736,141955.42230555956
2737,124220.4120404446
2738,135384.38639940415
2739,157998.28475859395
2740,136463.13934963575
2741,151272.41419179935
2742,153629.03924776055
2743,147451.4836666446
2744,161330.34465564878
2745,139393.41031969315
2746,140911.62972624542
2747,140553.4105383033
2748,118931.18681416058
2749,129634.12222578406
2750,135360.4745489618
2751,138278.22099018877
2752,167101.2563069665
2753,148996.1699777013
2754,251599.18845678327
2755,131143.6287692977
2756,98204.20966997174
2757,64149.05647957093
2758,88504.88944412513
2759,172751.39035836238
2760,132511.59754758968
2761,143381.9114385921
2762,143659.74978709387
2763,182259.30531165982
2764,135397.49051700873
2765,283710.7255288141
2766,100456.50431089046
2767,91510.43799626373
2768,126840.44491203826
2769,139018.2533494829
2770,129601.74426464764
2771,98420.5781415279
2772,104298.16579743933
2773,182317.63748992013
2774,156488.35284011817
2775,108950.38254202993
2776,139852.0291842968
2777,147226.5088987486
2778,105588.91881659583
2779,127890.85198184014
2780,92326.2693398933
2781,97409.99384805279
2782,102397.5153546768
2783,100630.53298051376
2784,120935.59347738279
2785,130327.2527963756
2786,72192.00338744154
2787,119008.97344273767
2788,78810.3549456694
2789,168562.39570958292
2790,89951.45297409165
2791,119029.28684214725
2792,54682.834851939115
2793,128579.39100006114
2794,125434.71385606883
2795,122368.67420044215
2796,104033.48393236
2797,274483.1536503772
2798,107076.25508845178
2799,118217.15945503725
2800,68089.4428715871
2801,100100.12547177695
2802,129011.83978350332
2803,213877.2937830956
2804,116794.30188480737
2805,97669.54347317718
2806,80077.69787567321
2807,200703.1608559351
2808,148050.71307025308
2809,126871.60238260601
2810,122730.96257019733
2811,161476.9762200139
2812,170137.97377588885
2813,153598.52320848365
2814,157613.2382846317
2815,98371.12459197175
2816,212375.89739748635
2817,158262.32044873614
2818,137354.33748656808
2819,150259.3493066871
2820,138776.31048591103
2821,101978.46636684575
2822,167193.88818292422
2823,383604.2846901641
2824,188550.7331523119
2825,145137.9607283639
2826,140314.9457528356
2827,132861.0834317576
2828,227934.99274773157
2829,206736.05177961648
2830,232853.75748687214
2831,165443.547862189
2832,260759.55222727841
2833,308030.74631270324
2834,228429.30785186734
2835,223073.3918539101
2836,186565.11744182347
2837,149144.73494299327
2838,157109.44335592695
2839,181366.5987592214
2840,208738.1482113111
2841,199975.46496455092
2842,236212.94872794807
2843,143802.25093415892
2844,172935.44140700204
2845,128798.84254182068
2846,206619.51638547273
2847,220119.83014042565
2848,226500.23613778935
2849,199078.51770320695
2850,273180.5673296178
2851,214247.29671660918
2852,242743.897476274
2853,239108.8092180745
2854,134559.66858818426
2855,205432.59718973492
2856,197099.22385893713
2857,183701.67893461825
2858,202462.00293889694
2859,112642.76794232559
2860,142825.09777997163
2861,125447.94164348904
2862,192782.77040291802
2863,124418.61319607464
2864,265871.90602824755
2865,138019.9379013704
2866,141191.2863901697
2867,123192.62579601853
2868,106701.96006206462
2869,110017.00968930167
2870,110811.11643043069
2871,87956.49239001403
2872,60626.58232368154
2873,92611.16952758483
2874,153483.61025494555
2875,122731.83350069702
2876,175182.67827964493
2877,152898.78142629363
2878,195866.556563089
2879,142611.8867944271
2880,103151.73061993512
2881,126145.17221209712
2882,173805.47135998233
2883,193045.2649620091
2884,171561.5953481897
2885,187805.39870927657
2886,245227.93582751334
2887,102207.50755418991
2888,139976.45751263294
2889,62647.23969436614
2890,85551.22296027
2891,142256.10178790506
2892,40175.719626693135
2893,65096.28758664261
2894,51470.2650285031
2895,342718.1545443838
2896,286735.40021442214
2897,207071.20966915076
2898,129053.2583645027
2899,203889.8968086775
2900,163665.28491141877
2901,203473.85421036862
2902,168138.06062068883
2903,330936.5720184837
2904,347605.88723949424
2905,80722.99890183474
2906,192380.37874989348
2907,105766.10527599946
2908,124080.47176034746
2909,135890.84779303527
2910,77759.88436945135
2911,78440.96908731377
2912,147971.67765760428
2913,75612.01800529599
2914,71141.61575753678
2915,79564.61383892289
2916,77942.7446216363
2917,174971.14757271355
2918,121321.29128924574
2919,212812.24534243112
